Time,X,Y,Z
0.0,0.641659,-1.478267,0.598803
0.004,0.641659,-1.397494,0.972526
0.008,0.641659,-0.767137,0.472064
0.012,0.641659,-1.126469,0.58959
0.016,0.641659,-0.811623,0.582563
0.02,0.641659,-1.050502,0.683391
0.024,0.641659,-1.179766,0.923211
0.028,0.641659,-1.066273,0.461111
0.032,0.641659,-0.030451,-0.05365
0.036000000000000004,0.641659,-4.643301,0.741509
0.04,0.641659,17.08325,-14.407513
0.044,0.641659,-13.468569,7.888422
0.048,0.641659,3.053573,-0.337525
0.052000000000000005,0.641659,-2.7242,1.015778
0.056,0.641659,-1.55356,0.7401
0.06,0.641659,-1.679645,1.827538
0.064,0.641659,-0.992023,0.201222
0.068,0.641659,0.437106,-0.668068
0.07200000000000001,0.641659,-1.2493,0.943891
0.076,0.641659,-1.60266,1.147589
0.08,0.641659,-0.893732,0.544343
0.084,0.641659,-0.93562,0.551922
0.088,0.641659,-1.163938,0.74633
0.092,0.641659,-1.112678,0.569484
0.096,0.641659,-0.553938,0.473975
0.1,0.641659,0.133025,-0.763827
0.10400000000000001,0.641659,1.150859,-0.526683
0.108,0.641659,-2.171165,1.948469
0.112,0.641659,0.177399,0.032471
0.116,0.641659,-1.078061,0.931048
0.12,0.641659,-0.962081,0.538567
0.124,0.641659,-0.712779,0.526791
0.128,0.641659,-0.806163,0.548721
0.132,0.641659,-0.634656,0.656936
0.136,0.641659,-1.492043,1.10803
0.14,0.641659,-0.729014,0.7538
0.14400000000000002,0.641659,-0.390038,0.339776
0.148,0.641659,-0.807632,0.766699
0.152,0.641659,-0.705576,0.590096
0.156,0.641659,-0.5139,0.552474
0.16,0.641659,-0.864036,0.706772
0.164,0.641659,-0.748254,0.726735
0.168,0.641659,-0.446389,0.399188
0.17200000000000001,0.641659,-0.953256,0.718585
0.176,0.641659,-0.669148,0.639987
0.18,0.641659,-0.515065,0.587712
0.184,0.641659,-0.653635,0.643319
0.188,0.641659,-0.517431,0.639029
0.192,0.641659,-0.601174,0.678005
0.196,0.641659,-0.579592,0.67388
0.2,0.641659,-0.54543,0.629084
0.20400000000000001,0.641659,-0.644576,0.718476
0.20800000000000002,0.641659,-0.609782,0.668962
0.212,0.641659,-0.464233,0.73896
0.216,0.641659,-0.64317,0.641543
0.22,0.641659,-0.661411,0.606432
0.224,0.641659,-0.470948,0.674034
0.228,0.641659,-0.533098,0.72017
0.232,0.641659,-0.501905,0.648957
0.23600000000000002,0.641659,-0.483154,0.59928
0.24,0.641659,-0.490771,0.645406
0.244,0.641659,-0.512369,0.646062
0.248,0.641659,-0.429821,0.617904
0.252,0.641659,-0.46867,0.683209
0.256,0.641659,-0.431357,0.640713
0.26,0.641659,-0.434277,0.660528
0.264,0.641659,-0.413533,0.658776
0.268,0.031599,-0.41467,0.661798
0.272,0.035057,-0.436955,0.65049
0.276,0.064476,-0.400681,0.675014
0.28,0.032592,-0.353486,0.634801
0.28400000000000003,0.022673,-0.401279,0.668902
0.28800000000000003,0.007925,-0.380075,0.70537
0.292,0.040182,-0.347249,0.698699
0.296,0.022369,-0.35739,0.732762
0.3,-0.01652,-0.350428,0.62555
0.304,0.06752,-0.371756,0.616571
0.308,0.020862,-0.312857,0.684143
0.312,0.0269,-0.339749,0.660744
0.316,0.021137,-0.288682,0.692347
0.32,0.0412,-0.306975,0.688033
0.324,0.06589,-0.270581,0.659737
0.328,0.066555,-0.317342,0.703352
0.332,0.043627,-0.31608,0.648787
0.336,0.063471,-0.307846,0.725932
0.34,0.059323,-0.306684,0.616278
0.34400000000000003,0.097444,-0.270282,0.669425
0.34800000000000003,0.043167,-0.276851,0.650741
0.352,0.053457,-0.271733,0.687121
0.356,0.030785,-0.266671,0.737872
0.36,0.053285,-0.273431,0.716786
0.364,0.077396,-0.268355,0.635811
0.368,0.058845,-0.214026,0.652943
0.372,0.07128,-0.238403,0.718005
0.376,0.078706,-0.288242,0.696929
0.38,0.081604,-0.2358,0.675791
0.384,0.088933,-0.233979,0.692945
0.388,0.12433,-0.236848,0.69813
0.392,0.062723,-0.213675,0.660185
0.396,0.077423,-0.219359,0.658155
0.4,0.05876,-0.227191,0.725607
0.404,0.061731,-0.248798,0.62786
0.40800000000000003,0.048231,-0.208997,0.649787
0.41200000000000003,0.074761,-0.191595,0.709951
0.41600000000000004,0.133844,-0.148236,0.640742
0.42,0.043873,-0.192658,0.677006
0.424,0.037827,-0.208093,0.655816
0.428,0.036429,-0.223206,0.742433
0.432,0.072721,-0.176998,0.704414
0.436,0.033113,-0.194978,0.709559
0.44,0.100139,-0.165314,0.633241
0.444,0.07638,-0.200098,0.710227
0.448,-0.01015,-0.16584,0.655464
0.452,0.034134,-0.174727,0.698887
0.456,0.030719,-0.127102,0.720662
0.46,0.05547,-0.143619,0.711349
0.464,0.016175,-0.167023,0.699677
0.468,0.038817,-0.178219,0.714372
0.47200000000000003,-0.000271,-0.163342,0.683539
0.47600000000000003,0.05321,-0.139248,0.69338
0.48,0.037513,-0.174549,0.727222
0.484,0.087782,-0.166828,0.703567
0.488,0.0643,-0.152231,0.67749
0.492,0.057667,-0.130761,0.660963
0.496,0.056053,-0.128675,0.668367
0.5,0.068583,-0.117213,0.723647
0.504,0.059671,-0.206606,0.554016
0.508,0.081484,-0.134338,0.604601
0.512,0.09575,-0.127534,0.681447
0.516,0.128562,-0.139643,0.691253
0.52,0.043444,-0.156212,0.737035
0.524,0.142995,-0.113661,0.636623
0.528,0.092844,-0.139969,0.641667
0.532,0.059982,-0.104584,0.646654
0.536,0.091184,-0.11922,0.699566
0.54,0.105366,-0.096144,0.694933
0.544,0.081787,-0.129954,0.616121
0.548,0.126625,0.032006,0.764512
0.552,0.118386,-0.117301,0.623362
0.556,0.094718,-0.103365,0.693024
0.56,0.036043,-0.146059,0.583159
0.5640000000000001,0.114999,-0.056276,0.676686
0.5680000000000001,0.076464,-0.032535,0.813178
0.5720000000000001,0.130819,-0.142381,0.679336
0.5760000000000001,0.059614,-0.130584,0.722685
0.58,0.029758,-0.102232,0.677404
0.584,0.067985,-0.060958,0.677463
0.588,0.045071,-0.217248,0.677915
0.592,0.072133,-0.069715,0.579878
0.596,0.041793,-0.083034,0.735673
0.6,0.082721,-0.079366,0.68312
0.604,0.085207,-0.036078,0.73583
0.608,0.073663,-0.073637,0.70478
0.612,0.059779,-0.056609,0.779058
0.616,0.081403,-0.0887,0.678623
0.62,0.119177,-0.054875,0.695413
0.624,0.083512,-0.108548,0.638087
0.628,0.093295,-0.112111,0.693306
0.632,0.074742,-0.080363,0.693377
0.636,0.084441,-0.124709,0.762958
0.64,0.09654,-0.111732,0.736721
0.644,0.119968,-0.04981,0.748654
0.648,0.143115,-0.052533,0.70071
0.652,0.078935,-0.064785,0.767746
0.656,0.100401,-0.076628,0.741414
0.66,0.091205,-0.095448,0.671999
0.664,0.091447,-0.054911,0.705513
0.668,0.07538,-0.085691,0.724717
0.672,0.085406,-0.035762,0.636067
0.676,0.12564,-0.017227,0.62881
0.68,0.106539,-0.105214,0.715098
0.684,0.097257,-0.10018,0.767817
0.6880000000000001,0.071834,-0.005754,0.703014
0.6920000000000001,0.093541,-0.070683,0.741307
0.6960000000000001,0.122179,-0.15112,0.746204
0.7000000000000001,0.037397,-0.100887,0.662385
0.704,0.036318,-0.079892,0.803644
0.708,0.096408,-0.066496,0.717321
0.712,0.054477,-0.060237,0.686099
0.716,0.090774,-0.108228,0.710043
0.72,0.058163,-0.025912,0.700311
0.724,0.082356,0.003458,0.695335
0.728,0.084929,-0.009929,0.711952
0.732,0.037872,0.003019,0.707019
0.736,0.078689,0.016393,0.606323
0.74,0.095319,0.02969,0.663688
0.744,0.127953,0.017245,0.618124
0.748,0.120054,0.019262,0.716271
0.752,0.069981,0.003012,0.632504
0.756,0.051413,0.00609,0.699643
0.76,0.073237,-0.014215,0.711754
0.764,0.071156,-0.02916,0.623335
0.768,0.137263,-0.048717,0.714549
0.772,0.077654,-0.13116,0.65987
0.776,0.141285,-0.104038,0.700915
0.78,0.104996,-0.099038,0.749092
0.784,0.128275,-0.129719,0.770947
0.788,0.062032,-0.188267,0.723458
0.792,0.090807,-0.149933,0.759645
0.796,0.088296,-0.094136,0.814807
0.8,0.120637,-0.176056,0.798237
0.804,0.102017,-0.071117,0.757479
0.808,0.064542,-0.00824,0.716577
0.812,0.142424,-0.162592,0.702339
0.8160000000000001,0.080877,-0.098076,0.702331
0.8200000000000001,0.079433,0.010285,0.615923
0.8240000000000001,0.145455,0.117863,0.802184
0.8280000000000001,0.184343,-0.093156,0.612931
0.8320000000000001,0.124278,0.01718,0.706094
0.836,-0.007897,0.287244,0.607085
0.84,0.190919,0.304433,0.967732
0.844,0.148737,0.391707,1.086315
0.848,0.208586,0.068401,0.819946
0.852,0.07691,-0.015056,0.843686
0.856,0.1293,-0.028659,0.769268
0.86,0.065322,0.016581,0.804922
0.864,0.114954,-0.072242,0.730649
0.868,0.065182,-0.051419,0.697048
0.872,0.04463,0.032749,0.69445
0.876,0.099439,-0.036804,0.682462
0.88,0.087564,0.01231,0.735032
0.884,0.101642,-0.018851,0.660779
0.888,0.117715,-0.039514,0.584225
0.892,0.199495,0.002742,0.689498
0.896,0.086889,-0.043016,0.905024
0.9,0.025683,-0.093718,0.857338
0.904,0.205406,-0.073154,0.728132
0.908,0.037059,0.005787,0.699397
0.912,0.027955,0.004049,0.70426
0.916,0.153471,-0.087979,0.852881
0.92,0.015951,-0.064307,0.577687
0.924,0.101899,-0.008116,0.743056
0.928,0.084835,-0.113835,0.738478
0.932,0.106078,-0.035265,0.635691
0.936,0.077671,-0.11192,0.770064
0.9400000000000001,0.068413,-0.050372,0.698393
0.9440000000000001,0.080506,-0.074752,0.741711
0.9480000000000001,0.061855,-0.056478,0.691579
0.9520000000000001,0.092811,-0.080786,0.718138
0.9560000000000001,0.059864,-0.076621,0.701564
0.96,0.116725,-0.109945,0.692254
0.964,0.066599,-0.067457,0.670889
0.968,-0.074177,0.028527,0.754762
0.972,0.228786,-0.039185,0.618398
0.976,0.066167,-0.066328,0.769456
0.98,0.099172,0.115458,0.680811
0.984,0.039687,-0.0004,0.79833
0.988,0.129672,-0.02201,0.628523
0.992,0.081639,-0.087353,0.758295
0.996,0.172774,0.00361,0.715416
1.0,0.090146,0.140709,0.578973
1.004,0.480617,-0.004585,0.600791
1.008,-0.222125,-0.145377,0.608344
1.012,0.261655,0.155932,0.725887
1.016,0.052145,-0.450115,0.743677
1.02,-0.001844,-0.115367,0.603129
1.024,0.259362,-0.058091,0.703922
1.028,0.014025,-0.173777,0.804973
1.032,0.209026,0.045344,0.61828
1.036,0.020676,-0.191215,0.697651
1.04,0.156129,-0.104874,0.724267
1.044,0.116874,-0.171887,0.777224
1.048,0.130594,-0.110219,0.707962
1.052,0.085395,-0.022165,0.588151
1.056,0.118576,-0.051152,0.707871
1.06,0.094994,-0.110501,0.803735
1.064,0.087896,-0.060216,0.648057
1.068,0.022405,-0.050821,0.683976
1.072,0.092008,0.031911,0.640743
1.076,0.057037,0.002363,0.592761
1.08,0.043777,0.041197,0.796138
1.084,0.061016,-0.051822,0.812949
1.088,-0.001859,-0.060477,0.688528
1.092,0.023716,0.034752,0.652553
1.096,0.0297,0.092805,0.714631
1.1,0.007277,-0.014385,0.695551
1.104,0.011282,0.014436,0.659649
1.108,0.007955,0.009504,0.731499
1.112,0.011809,-0.042182,0.662169
1.116,0.008558,-0.057675,0.736573
1.12,-0.018345,-0.042752,0.765393
1.124,-0.004543,-0.068038,0.693679
1.1280000000000001,-0.009715,-0.059892,0.636328
1.1320000000000001,0.020456,-0.035946,0.689032
1.1360000000000001,0.052551,-0.050361,0.724963
1.1400000000000001,0.051054,-0.003389,0.739239
1.1440000000000001,0.016602,-0.063152,0.720107
1.1480000000000001,0.046454,-0.08637,0.686671
1.1520000000000001,0.094609,-0.032014,0.724913
1.156,0.071287,-0.034905,0.674569
1.16,0.097646,-0.009406,0.70082
1.164,0.060132,-0.010259,0.652833
1.168,0.16211,-0.067629,0.669599
1.172,0.081361,-0.069928,0.760629
1.176,0.182823,-0.055609,0.693546
1.18,0.115763,-0.112539,0.753482
1.184,0.129616,-0.090746,0.772663
1.188,0.138573,-0.013189,0.750936
1.192,0.140349,-0.059356,0.772411
1.196,0.160681,-0.069038,0.635869
1.2,0.14314,-0.02266,0.741072
1.204,0.140049,-0.075877,0.707475
1.208,0.14184,-0.083268,0.709842
1.212,0.101348,-0.041161,0.690572
1.216,0.145934,-0.053829,0.671326
1.22,0.140478,-0.026269,0.704718
1.224,0.153704,-0.017501,0.620789
1.228,0.112785,-0.004308,0.764358
1.232,0.161958,0.039544,0.670758
1.236,0.12552,0.040508,0.72568
1.24,0.099041,0.070015,0.730289
1.244,0.089238,0.014843,0.648846
1.248,0.082275,0.047508,0.687073
1.252,0.058946,0.011809,0.67513
1.256,0.080495,-0.05835,0.694476
1.26,0.019421,0.001953,0.711301
1.264,0.067665,0.019186,0.735307
1.268,0.049039,0.005566,0.744975
1.272,0.051757,-0.035915,0.706838
1.276,0.038298,-0.017585,0.668701
1.28,0.069615,0.000195,0.692765
1.284,0.062418,-0.036381,0.70254
1.288,0.076732,-0.022956,0.74102
1.292,0.081318,-0.040348,0.707685
1.296,0.116573,-0.005826,0.72695
1.3,0.097092,-0.01399,0.74866
1.304,0.113154,-0.055334,0.727294
1.308,0.122127,-0.077228,0.705964
1.312,0.140422,-0.117844,0.696655
1.316,0.132587,-0.11085,0.65618
1.32,0.153061,-0.08078,0.706615
1.324,0.100303,-0.074987,0.754628
1.328,0.145092,-0.057627,0.690023
1.332,0.148884,-0.085622,0.673333
1.336,0.160046,-0.078076,0.71887
1.34,0.121228,-0.049691,0.706851
1.344,0.139915,-0.064369,0.757106
1.348,0.099594,-0.086006,0.733151
1.352,0.137531,-0.076898,0.776204
1.356,0.125478,-0.08706,0.785718
1.36,0.109073,-0.019111,0.677776
1.364,0.085789,-0.067792,0.751939
1.368,0.065318,-0.073896,0.742221
1.372,0.038458,-0.024958,0.591202
1.3760000000000001,0.020457,-0.178663,0.983949
1.3800000000000001,0.137775,0.019185,0.466251
1.3840000000000001,-0.093462,0.073828,1.033321
1.3880000000000001,0.18019,0.189838,0.625467
1.3920000000000001,-0.095907,-0.004607,0.922179
1.3960000000000001,0.163841,0.028787,0.495571
1.4000000000000001,-0.074711,0.00966,0.775565
1.4040000000000001,0.128247,0.067003,0.679478
1.408,-0.02274,0.000907,0.739222
1.412,0.059479,0.129903,0.600021
1.416,0.071493,0.004446,0.746018
1.42,0.078857,0.086952,0.707556
1.424,0.034454,0.001169,0.65253
1.428,0.082242,0.039502,0.611815
1.432,0.072821,0.03265,0.729209
1.436,0.066092,0.028619,0.635892
1.44,0.082619,0.05077,0.67667
1.444,0.138934,-0.004864,0.710388
1.448,0.165798,-0.01007,0.667474
1.452,0.124467,-0.048091,0.655789
1.456,0.118729,-0.05316,0.718281
1.46,0.132212,-0.08588,0.749761
1.464,0.15244,-0.094818,0.683023
1.468,0.127558,-0.04272,0.752668
1.472,0.136162,-0.083399,0.709818
1.476,0.142231,-0.133108,0.702954
1.48,0.098867,-0.095337,0.775008
1.484,0.096283,-0.107663,0.720148
1.488,0.091525,-0.049562,0.725009
1.492,0.131485,-0.05133,0.674776
1.496,0.133327,-0.072202,0.696401
1.5,0.106834,-0.064537,0.68448
1.504,0.13029,-0.03577,0.686873
1.508,0.063774,-0.005293,0.734704
1.512,0.071314,-0.034018,0.729919
1.516,0.083352,-0.008257,0.74183
1.52,0.097471,0.033467,0.734486
1.524,0.057392,-0.000482,0.705706
1.528,0.074355,0.039354,0.7104
1.532,0.05346,-0.015298,0.61705
1.536,0.068265,-0.005602,0.760768
1.54,0.087409,-0.002816,0.708121
1.544,0.099197,-0.004757,0.68901
1.548,0.044739,0.005123,0.770481
1.552,0.057172,0.019878,0.677123
1.556,0.046019,-0.010462,0.710752
1.56,0.126457,-0.002385,0.643781
1.564,0.104359,0.012722,0.686967
1.568,0.09223,-0.017176,0.65118
1.572,0.087424,-0.055835,0.699311
1.576,0.108546,-0.039894,0.689904
1.58,0.058859,-0.071527,0.67815
1.584,0.122889,-0.10783,0.762197
1.588,0.098959,-0.122556,0.795959
1.592,0.094141,-0.125478,0.72432
1.596,0.087305,-0.0816,0.616635
1.6,0.099413,-0.053145,0.698034
1.604,0.090162,-0.077221,0.657308
1.608,0.123467,-0.063432,0.736276
1.612,0.125795,-0.056943,0.688296
1.616,0.073858,-0.058011,0.709737
1.62,0.081743,-0.042593,0.735937
1.624,0.084746,-0.055627,0.680738
1.6280000000000001,0.094649,-0.073349,0.783619
1.6320000000000001,0.0717,-0.032084,0.690016
1.6360000000000001,0.098595,-0.015411,0.730455
1.6400000000000001,0.075356,0.003351,0.775655
1.6440000000000001,0.059542,-0.013531,0.710718
1.6480000000000001,0.081746,0.01715,0.698431
1.6520000000000001,0.056249,0.023816,0.734041
1.6560000000000001,0.08048,0.073019,0.680965
1.6600000000000001,0.073672,0.04424,0.70465
1.6640000000000001,0.083548,0.053828,0.754683
1.668,0.053065,0.056752,0.615574
1.672,0.112539,0.040926,0.727975
1.676,0.074316,0.081895,0.710974
1.68,0.043994,0.026441,0.715733
1.684,0.054141,0.056738,0.672537
1.688,0.104204,0.021184,0.69413
1.692,0.080236,0.03822,0.70853
1.696,0.120205,0.03651,0.699017
1.7,0.102976,-0.009733,0.672848
1.704,0.088399,-0.031274,0.677903
1.708,0.10707,-0.001008,0.754706
1.712,0.05246,-0.060707,0.711887
1.716,0.093009,-0.058396,0.752856
1.72,0.099766,-0.046553,0.681252
1.724,0.118236,-0.096311,0.712708
1.728,0.115021,-0.086757,0.775234
1.732,0.10039,-0.091187,0.701295
1.736,0.08342,-0.062936,0.737432
1.74,0.106811,-0.018964,0.730337
1.744,0.110954,-0.023016,0.728018
1.748,0.129098,-0.024666,0.744857
1.752,0.081186,-0.035366,0.70668
1.756,0.100039,-0.012941,0.658874
1.76,0.11849,-0.00978,0.706854
1.764,0.080271,-0.030147,0.709384
1.768,0.113269,-0.021763,0.692749
1.772,0.091313,0.000409,0.716764
1.776,0.093554,-0.067079,0.645137
1.78,0.08634,-0.034564,0.736303
1.784,0.121483,-0.044988,0.650251
1.788,0.07374,-0.02742,0.75333
1.792,0.1469,-0.024461,0.698296
1.796,0.065762,-0.054642,0.779839
1.8,0.063914,-0.096234,0.758463
1.804,0.113842,-0.089981,0.698751
1.808,0.026562,-0.048751,0.734749
1.812,0.131056,-0.02247,0.761078
1.816,0.059693,-0.027571,0.808948
1.82,0.133056,-0.01355,0.655618
1.824,0.146414,-0.282394,0.555496
1.828,-0.098384,-0.369361,0.596998
1.832,0.142745,-0.094911,0.582783
1.836,-0.003973,-0.066341,0.851024
1.84,0.094137,0.028701,0.659334
1.844,0.133909,-0.024444,0.673641
1.848,0.111971,0.027303,0.76454
1.852,0.123291,0.009941,0.704588
1.856,0.110944,0.023395,0.733218
1.86,0.084659,-0.005515,0.706855
1.864,0.134356,-0.019615,0.690115
1.868,0.11717,-0.005566,0.730788
1.872,0.135528,0.001504,0.694842
1.8760000000000001,0.104178,-0.036307,0.726032
1.8800000000000001,0.096854,-0.007875,0.800242
1.8840000000000001,0.122518,-0.008079,0.745126
1.8880000000000001,0.110103,0.012775,0.747436
1.8920000000000001,0.130923,-0.046396,0.728349
1.8960000000000001,0.113825,-0.020243,0.706768
1.9000000000000001,0.115915,-0.053286,0.675686
1.9040000000000001,0.080193,-0.031585,0.73079
1.9080000000000001,0.099262,-0.036399,0.716417
1.9120000000000001,0.101364,-0.040805,0.714063
1.9160000000000001,0.098777,-0.016905,0.70208
1.92,0.061105,-0.017002,0.738001
1.924,0.068689,-0.010351,0.759498
1.928,0.125456,-0.043498,0.759534
1.932,0.08277,0.027512,0.606161
1.936,0.06881,0.054838,0.79521
1.94,0.092874,-0.019492,0.615575
1.944,0.029399,-0.04307,0.771306
1.948,0.124579,-0.037779,0.618076
1.952,0.053448,-0.021032,0.778546
1.956,0.185697,-0.0044,0.682712
1.96,0.064203,-0.054172,0.728284
1.964,0.083616,0.000602,0.654006
1.968,0.074327,0.009277,0.749705
1.972,0.093406,-0.052434,0.713844
1.976,0.095677,0.016423,0.713774
1.98,0.119216,0.006401,0.673003
1.984,0.123388,-0.024683,0.716113
1.988,0.127552,-0.076365,0.677902
1.992,0.068108,-0.028094,0.651604
1.996,0.148372,-0.004803,0.759291
2.0,0.102615,-0.03338,0.742543
2.004,0.093063,-0.033036,0.704262
2.008,0.086009,-0.009172,0.72102
2.012,0.088601,-0.006972,0.723394
2.016,0.095639,0.002018,0.73051
2.02,0.08864,0.006294,0.692132
2.024,0.117025,-0.008377,0.689699
2.028,0.119005,-0.03667,0.63945
2.032,0.064383,-0.036212,0.718543
2.036,0.133095,-0.000655,0.692149
2.04,0.064258,-0.03635,0.696972
2.044,0.114135,-0.028962,0.71615
2.048,0.097451,0.011101,0.718472
2.052,0.059772,0.003482,0.708848
2.056,0.10985,0.010124,0.720759
2.06,0.064919,-0.002147,0.70157
2.064,0.084403,-0.019125,0.675204
2.068,0.096374,-0.016701,0.684787
2.072,0.058624,-0.007371,0.730269
2.076,0.08514,-0.040653,0.766226
2.08,0.080617,-0.042658,0.723162
2.084,0.073777,0.006962,0.720694
2.088,0.071801,0.0017,0.725433
2.092,0.116893,-0.019849,0.679924
2.096,0.069217,-0.020068,0.758938
2.1,0.102484,-0.050591,0.701524
2.104,0.085907,-0.012486,0.691921
2.108,0.100075,-0.00788,0.715849
2.112,0.081156,-0.052819,0.720706
2.116,0.114266,-0.024077,0.720703
2.12,0.113961,-0.002556,0.648845
2.124,0.099438,0.029746,0.687022
2.128,0.15027,-0.013858,1.010275
2.132,0.053733,-0.024854,0.459549
2.136,0.005603,0.067206,0.773165
2.14,0.143054,-0.03349,0.696497
2.144,0.116091,-0.04763,0.789923
2.148,0.155793,0.049181,0.679583
2.152,0.002131,-0.048715,0.722748
2.156,0.208098,-0.055014,0.741986
2.16,0.064837,-0.080674,0.698957
2.164,0.084598,0.040624,0.701263
2.168,0.067966,0.018008,0.715512
2.172,0.10371,-0.0273,0.674818
2.176,0.073176,0.003361,0.768175
2.18,0.099462,-0.032455,0.746632
2.184,0.05468,-0.018194,0.727467
2.188,0.055604,-0.013421,0.720289
2.192,0.119909,0.007519,0.701056
2.196,0.062971,0.016528,0.72734
2.2,0.103414,-0.063831,0.634055
2.204,0.0704,-0.037191,0.7275
2.208,0.061181,0.01215,0.744159
2.212,0.056964,-0.037868,0.777727
2.216,0.071899,-0.040045,0.722672
2.22,0.074572,-0.018574,0.727456
2.224,0.053965,0.002675,0.638814
2.228,0.040671,-0.018964,0.725038
2.232,0.095746,0.025703,0.667461
2.236,0.079168,-0.008259,0.729685
2.24,0.103046,-0.013093,0.650643
2.244,0.095929,0.005531,0.715248
2.248,0.107717,-0.001939,0.722399
2.2520000000000002,0.12862,-0.063351,0.729674
2.2560000000000002,0.123162,-0.039023,0.703366
2.2600000000000002,0.122602,-0.071818,0.75374
2.2640000000000002,0.086904,-0.026016,0.662765
2.2680000000000002,0.096471,0.002176,0.739343
2.2720000000000002,0.129447,-0.026309,0.648355
2.2760000000000002,0.13118,-0.01927,0.701023
2.2800000000000002,0.09986,-0.009805,0.705797
2.2840000000000003,0.111465,-0.002816,0.66266
2.2880000000000003,0.115804,-0.010205,0.722508
2.2920000000000003,0.082293,-0.0597,0.705835
2.2960000000000003,0.113384,-0.007119,0.708216
2.3000000000000003,0.075289,-0.005092,0.727337
2.3040000000000003,0.09927,-0.04771,0.710627
2.308,0.061605,-0.04719,0.734645
2.312,0.085779,-0.00884,0.705911
2.316,0.074149,-0.002305,0.806431
2.32,0.088574,-0.014371,0.722595
2.324,0.102729,-0.016739,0.645956
2.328,0.083872,-0.005049,0.657899
2.332,0.062823,-0.04091,0.722578
2.336,0.115253,-0.028628,0.66992
2.34,0.077273,0.011533,0.732131
2.344,0.084691,-0.005366,0.696193
2.348,0.127163,-0.022133,0.708161
2.352,0.112578,-0.03142,0.679452
2.356,0.105184,0.013603,0.705741
2.36,0.086175,-0.031935,0.746454
2.364,0.0982,-0.059913,0.686666
2.368,0.062861,-0.017127,0.760881
2.372,0.08934,-0.014788,0.686631
2.376,0.06605,0.003858,0.696158
2.38,0.118252,-0.034316,0.770416
2.384,0.101349,-0.006044,0.691325
2.388,0.145885,-0.029694,0.691349
2.392,0.109645,-0.02715,0.703337
2.396,0.0927,-0.031657,0.734503
2.4,0.118531,0.008566,0.698516
2.404,0.122562,-0.015617,0.667347
2.408,0.112576,-0.027135,0.614704
2.412,0.081691,-0.022478,0.734443
2.416,0.126662,-0.024857,0.636243
2.42,0.048557,-0.041314,0.744064
2.424,0.089336,-0.0315,0.693796
2.428,0.080192,-0.033622,0.696227
2.432,0.073448,-0.019499,0.736918
2.436,0.118247,-0.007795,0.712931
2.44,0.092059,-0.015313,0.710499
2.444,0.061442,-0.02963,0.732065
2.448,0.092736,-0.039145,0.729679
2.452,0.095228,-0.045975,0.693795
2.456,0.090488,-0.019826,0.710538
2.46,0.114098,-0.006094,0.755967
2.464,0.095211,-0.013756,0.7631
2.468,0.078834,-0.023354,0.688858
2.472,0.116834,-0.023754,0.748684
2.476,0.060197,-0.023781,0.66726
2.48,0.04913,-0.047652,0.767869
2.484,0.115809,0.006552,0.734233
2.488,0.089619,-0.010634,0.679102
2.492,0.089811,-0.013311,0.683861
2.496,0.049952,-0.025674,0.849083
2.5,0.116661,0.01173,0.717249
2.504,0.102102,-0.038589,0.755565
2.508,0.102101,-0.029025,0.664552
2.512,0.130349,-0.033587,0.690917
2.516,0.047564,-0.010165,0.76751
2.52,0.126102,-0.045849,0.738792
2.524,0.080701,0.006152,0.666864
2.528,0.06678,0.000903,0.736272
2.532,0.057989,-0.027672,0.65966
2.536,0.077512,-0.001849,0.755404
2.54,0.10358,-0.00933,0.705073
2.544,0.075201,0.002342,0.728992
2.548,0.113151,0.01129,0.724125
2.552,-0.014106,-0.029024,0.717008
2.556,0.051275,-0.021832,0.750548
2.56,0.080266,0.00894,0.73135
2.564,0.059362,-0.012742,0.740922
2.568,0.11149,-0.01998,0.764861
2.572,0.06888,-0.048008,0.764948
2.576,0.099701,-0.002605,0.776906
2.58,0.094797,-0.002784,0.733775
2.584,0.052303,0.023016,0.707376
2.588,0.109334,-0.01271,0.697812
2.592,0.144282,-0.035978,0.685904
2.596,0.060893,-0.028306,0.714704
2.6,0.094197,-0.032482,0.688426
2.604,0.094173,-0.020192,0.726782
2.608,0.108145,-0.041108,0.73643
2.612,0.136031,-0.049932,0.714952
2.616,0.121019,-0.006771,0.693395
2.62,0.136792,-0.084253,0.693562
2.624,0.112423,-0.123107,0.660239
2.628,0.091024,-0.036498,0.72495
2.632,0.163863,-0.052875,0.703425
2.636,0.11085,-0.021906,0.756093
2.64,0.098802,-0.003281,0.729685
2.644,0.117256,-0.02742,0.693732
2.648,0.121423,0.000861,0.676907
2.652,0.144348,-0.027826,0.777493
2.656,0.120041,-0.004103,0.621787
2.66,0.088931,-0.009195,0.667259
2.664,0.114813,-0.023547,0.681626
2.668,0.093448,-0.096456,0.69136
2.672,0.067513,-0.045628,0.720166
2.676,0.105783,-0.021761,0.667466
2.68,0.09372,-0.033574,0.724963
2.684,0.07052,-0.075623,0.713118
2.688,0.087451,-0.036928,0.703582
2.692,0.075878,-0.024692,0.717986
2.696,0.08793,0.057668,0.739375
2.7,0.095083,-0.01407,0.736992
2.704,0.099886,-0.023539,0.669944
2.708,0.069042,-0.044599,0.710719
2.712,0.090521,-0.034816,0.720323
2.716,0.076388,-0.037152,0.763442
2.72,0.102605,-0.027304,0.605399
2.724,0.104809,-0.045842,0.641394
2.728,0.163203,-0.021875,0.674911
2.732,0.133692,-0.047834,0.684527
2.736,0.092957,-0.026385,0.689305
2.74,0.099953,-0.021665,0.694086
2.744,0.066937,-0.028829,0.672537
2.748,0.100425,-0.007774,0.741935
2.7520000000000002,0.133146,-0.005914,0.727496
2.7560000000000002,0.123058,-0.041657,0.682005
2.7600000000000002,0.099062,-0.032033,0.69159
2.7640000000000002,0.110718,-0.006407,0.720245
2.7680000000000002,0.089283,-0.025726,0.681908
2.7720000000000002,0.11528,-0.004825,0.717755
2.7760000000000002,0.098523,-0.015046,0.767977
2.7800000000000002,0.12198,-0.041408,0.674565
2.7840000000000003,0.135621,-0.022615,0.693676
2.7880000000000003,0.080982,-0.04923,0.734365
2.7920000000000003,0.104815,-0.063438,0.708037
2.7960000000000003,0.107087,0.002321,0.707888
2.8000000000000003,0.106952,-0.017737,0.762868
2.8040000000000003,0.048271,-0.018542,0.702913
2.8080000000000003,0.126859,-0.012334,0.714773
2.8120000000000003,0.114652,-0.031992,0.683578
2.816,0.090847,0.004991,0.661873
2.82,0.161644,-0.048152,0.690551
2.824,0.108902,-0.060334,0.728847
2.828,0.111202,-0.015698,0.735933
2.832,0.0853,-0.037976,0.728671
2.836,0.111539,-0.0576,0.762147
2.84,0.10914,-0.046616,0.75485
2.844,0.111522,-0.028711,0.728363
2.848,0.080954,-0.053608,0.742631
2.852,0.123739,-0.063719,0.692273
2.856,0.130409,-0.013089,0.790231
2.86,0.120553,0.016027,0.65109
2.864,0.113117,-0.016825,0.722745
2.868,0.157593,0.014995,0.617163
2.872,0.121218,-0.008092,0.746317
2.876,0.160638,-0.002067,0.746175
2.88,0.121849,-0.003076,0.645467
2.884,0.104846,0.024615,0.623793
2.888,0.12817,0.01886,0.64284
2.892,0.054783,-0.002925,0.621267
2.896,0.060202,0.039253,0.709784
2.9,0.067812,0.043219,0.616291
2.904,0.065977,0.014334,0.688131
2.908,0.08073,0.007257,0.690542
2.912,0.07156,0.002351,0.685742
2.916,0.071891,-0.002127,0.69536
2.92,0.044192,0.00047,0.683419
2.924,0.082666,-0.0204,0.714631
2.928,0.064015,0.01067,0.623618
2.932,0.081063,-0.076623,0.707594
2.936,0.118884,-0.033165,0.690863
2.94,0.038517,-0.051878,0.681343
2.944,0.065414,-0.02335,0.724437
2.948,0.072918,-0.037898,0.755555
2.952,0.24248,-0.04948,0.652584
2.956,0.258315,-0.163934,0.636133
2.96,-0.237019,0.01684,0.662417
2.964,-0.001119,0.025828,0.669549
2.968,0.18461,-0.012872,0.683865
2.972,0.108849,0.020472,0.659904
2.976,0.07537,-0.020112,0.662313
2.98,0.130066,-0.057493,0.753425
2.984,0.130463,-0.06399,0.729556
2.988,0.019593,-0.021089,0.722365
2.992,0.105542,-0.075381,0.679341
2.996,0.15759,-0.013651,0.734359
3.0,0.100314,-0.042312,0.70084
3.004,0.085868,-0.045232,0.770236
3.008,0.121507,-0.007987,0.738977
3.012,0.118548,-0.020582,0.741297
3.016,0.063907,-0.012097,0.762736
3.02,0.0904,0.013164,0.717111
3.024,0.080865,-0.02106,0.769725
3.028,0.052562,0.027974,0.678578
3.032,0.114372,-0.003809,0.6785
3.036,-0.044682,0.542919,0.582019
3.04,0.140647,0.894625,0.318549
3.044,0.16861,-0.487031,0.899442
3.048,-0.197529,-0.169551,0.684383
3.052,0.011185,0.166421,0.36595
3.056,-0.037037,-0.323563,0.819271
3.06,0.041331,-0.160051,0.587577
3.064,-0.063051,0.046928,0.723981
3.068,0.08743,-0.219509,0.805874
3.072,0.005624,-0.161533,0.71521
3.076,-0.046281,0.005645,0.662507
3.08,0.052429,-0.080039,0.720056
3.084,-0.000865,-0.021419,0.681618
3.088,0.061876,-0.064528,0.73671
3.092,0.031989,0.042994,0.765171
3.096,0.084616,-0.029916,0.693202
3.1,0.100787,-0.082774,0.683596
3.104,0.062983,-0.000527,0.743304
3.108,0.145566,0.047837,0.582606
3.112,0.130067,0.005488,0.752457
3.116,0.13178,0.04707,0.637317
3.12,0.114401,0.038522,0.68027
3.124,0.176947,0.0043,0.747226
3.128,0.187164,0.006369,0.586702
3.132,0.154752,0.030103,0.648933
3.136,0.104059,-0.012333,0.632237
3.14,0.202579,-0.016418,0.701745
3.144,0.172231,-0.001598,0.677825
3.148,0.165829,0.029382,0.699344
3.152,0.16412,0.048087,0.747173
3.156,0.185887,-0.145657,0.757022
3.16,0.1414,-0.144784,0.745393
3.164,0.105101,-0.045268,0.755114
3.168,0.156002,-0.058941,0.781517
3.172,0.123878,-0.104885,0.702689
3.176,0.069382,-0.087117,0.729152
3.18,0.180218,-0.081155,0.628672
3.184,0.115247,-0.14841,0.703161
3.188,0.056515,0.041564,0.683832
3.192,0.038277,0.002422,0.671775
3.196,0.100725,0.003864,0.709991
3.2,0.032688,0.019468,0.673952
3.204,0.097312,0.037336,0.678598
3.208,0.05993,0.005535,0.673744
3.212,0.063129,0.014445,0.728764
3.216,0.049751,0.002139,0.692814
3.22,0.04839,-0.030983,0.637786
3.224,0.059013,-0.012014,0.740762
3.228,0.040993,-0.014284,0.649779
3.232,0.047095,-0.006903,0.664187
3.236,0.20229,0.012321,0.522853
3.24,0.051124,-0.114772,0.594978
3.244,0.083025,0.068715,0.614044
3.248,0.057134,-0.067171,0.714709
3.2520000000000002,-0.472968,0.738963,-0.375025
3.2560000000000002,-0.172026,0.053242,0.71458
3.2600000000000002,1.186096,0.592398,-1.891262
3.2640000000000002,1.643472,-2.534462,2.236968
3.2680000000000002,-0.376325,-0.106392,1.042819
3.2720000000000002,-0.209913,0.263853,0.504868
3.2760000000000002,0.616794,0.034052,0.480107
3.2800000000000002,-0.163985,0.093365,0.738744
3.2840000000000003,0.031116,-0.176881,0.988089
3.2880000000000003,0.098162,-0.07766,1.231591
3.2920000000000003,-0.238517,0.05403,1.144271
3.2960000000000003,-0.317874,0.148798,0.934917
3.3000000000000003,-0.351821,0.363666,0.888431
3.3040000000000003,-0.512437,0.398638,0.928625
3.3080000000000003,-0.489735,0.262417,1.06263
3.3120000000000003,-0.374768,0.200779,0.921242
3.3160000000000003,-0.217057,0.248261,0.859069
3.3200000000000003,-0.05342,0.176334,0.907475
3.3240000000000003,0.056479,0.136867,0.865237
3.3280000000000003,0.065337,0.114712,0.914395
3.332,0.166705,0.00963,0.841844
3.336,0.204279,-0.072563,0.872545
3.34,0.181747,-0.011935,0.881716
3.344,0.239144,0.020217,0.902992
3.348,0.258053,-0.005391,0.857577
3.352,0.310604,0.011928,0.769438
3.356,0.251852,-0.010716,0.8827
3.36,0.326224,-0.014361,0.764028
3.364,0.379315,-0.092339,0.815824
3.368,0.316743,-0.138737,0.896554
3.372,0.289862,-0.007863,0.699601
3.376,0.287971,-0.111548,0.71904
3.38,0.362346,-0.150769,0.767343
3.384,0.332307,-0.289597,0.873447
3.388,0.163147,-0.244319,0.785339
3.392,0.172111,-0.153122,0.821612
3.396,0.172903,-0.230588,0.88901
3.4,0.070079,-0.0458,0.776788
3.404,0.09657,-0.246374,0.980888
3.408,-0.004756,-0.257977,1.064552
3.412,-0.03207,-0.051566,0.924775
3.416,0.331784,-0.740235,1.318351
3.42,-0.062653,-0.1993,1.000953
3.424,0.042053,-0.16216,1.011057
3.428,0.087456,-0.104754,0.94585
3.432,0.0198,-0.258458,1.243834
3.436,-0.009531,-0.120062,1.111832
3.44,-0.035626,0.010821,0.993756
3.444,0.004106,-0.028521,1.114686
3.448,-0.199928,0.059415,1.010256
3.452,-0.02657,0.12415,0.982425
3.456,-0.044018,0.082525,1.03386
3.46,0.010797,0.146251,0.949124
3.464,0.087678,0.075239,0.936845
3.468,0.166712,0.092592,0.922883
3.472,0.138994,0.033979,0.873883
3.476,0.111812,0.075928,0.964183
3.48,0.038163,0.039893,0.865865
3.484,0.071869,0.064022,0.861338
3.488,-0.0154,-0.069483,0.950699
3.492,0.10125,-0.12756,0.898837
3.496,0.052055,0.006706,0.777363
3.5,0.2763,-0.112103,0.768842
3.504,0.266054,-0.235599,0.870644
3.508,0.253264,-0.287435,0.924275
3.512,0.216699,-0.278586,0.910383
3.516,0.216928,-0.258035,0.965366
3.52,0.193371,-0.180724,0.87874
3.524,0.185057,-0.202372,1.07674
3.528,0.23931,-0.183655,1.061241
3.532,0.130329,-0.128693,1.014486
3.536,0.041111,-0.097454,1.09686
3.54,0.006333,-0.09127,1.078525
3.544,0.03442,-0.060975,1.041017
3.548,-0.13663,0.018362,0.93922
3.552,0.00701,0.114015,0.830307
3.556,0.034781,0.13369,0.829573
3.56,0.123953,0.086706,0.855859
3.564,0.025641,-0.032807,0.885249
3.568,0.103947,-0.075989,0.943641
3.572,0.020928,-0.071211,0.848909
3.576,-0.143673,-0.139437,0.871915
3.58,0.118268,-0.135478,1.066548
3.584,-0.018275,-0.102705,0.964034
3.588,0.010825,-0.350461,1.074803
3.592,-0.305767,-0.139418,1.105824
3.596,-0.060194,-0.113565,0.984893
3.6,-0.023784,-0.025571,0.880457
3.604,-0.010491,-0.057793,0.991399
3.608,-0.037241,-0.01559,0.953744
3.612,-0.037452,-0.049037,0.968728
3.616,-0.106016,-0.086654,1.010037
3.62,-0.038497,0.020082,1.026956
3.624,-0.058886,-0.029481,0.938579
3.628,-0.028875,-0.014089,0.943465
3.632,-0.041112,-0.062138,0.941202
3.636,-0.225033,0.023629,0.843192
3.64,-0.042579,0.002207,0.805011
3.644,-0.013969,0.025461,0.822073
3.648,0.052979,0.166431,0.671822
3.652,-0.058805,0.178363,0.630201
3.656,0.111903,-0.014259,0.850146
3.66,0.053606,0.062834,0.562794
3.664,0.066919,-0.075305,0.862531
3.668,0.132879,-0.103621,0.870054
3.672,0.107072,-0.110693,0.868105
3.676,0.214749,-0.144595,0.909181
3.68,0.168459,-0.229995,0.993366
3.684,0.094524,-0.208791,0.991
3.688,0.104023,-0.192797,0.993069
3.692,0.026169,-0.084812,0.96125
3.696,0.133204,-0.149951,1.01065
3.7,0.135727,-0.095079,0.93772
3.704,0.143252,-0.101075,0.953313
3.708,0.134325,-0.095992,1.023917
3.712,0.131139,-0.098481,0.958033
3.716,0.107533,-0.143408,0.923445
3.72,0.084968,-0.053572,0.848017
3.724,-0.242125,-0.040659,0.85429
3.728,0.075958,0.00228,0.838745
3.732,0.090604,-0.008426,0.890478
3.736,-0.062221,0.035086,0.777298
3.74,0.105668,-0.029536,0.879727
3.744,0.116135,-0.071703,0.864945
3.748,0.152914,-0.130318,0.876543
3.7520000000000002,0.092779,-0.126447,0.861902
3.7560000000000002,0.152759,-0.122609,0.823332
3.7600000000000002,0.216501,-0.177442,0.983503
3.7640000000000002,0.026553,-0.125124,0.959354
3.7680000000000002,0.138994,-0.050076,0.908612
3.7720000000000002,0.200818,-0.042486,0.87218
3.7760000000000002,0.108652,-0.144031,0.883868
3.7800000000000002,0.119891,-0.129603,0.82598
3.7840000000000003,0.157675,-0.033475,0.894813
3.7880000000000003,0.072637,-0.080233,0.832124
3.7920000000000003,0.161214,-0.138981,0.963355
3.7960000000000003,0.128679,-0.108369,0.929228
3.8000000000000003,0.115836,-0.138315,0.94776
3.8040000000000003,0.052304,-0.055919,0.935027
3.8080000000000003,0.020947,-0.064908,0.872044
3.8120000000000003,0.056193,-0.02225,0.943065
3.8160000000000003,0.105468,0.034401,0.865556
3.8200000000000003,0.012794,-0.038535,0.932098
3.8240000000000003,-0.161027,-0.003372,0.833618
3.8280000000000003,-0.041081,-0.032187,0.818828
3.8320000000000003,0.12694,0.194906,0.782077
3.8360000000000003,0.03101,0.040178,0.7626
3.84,0.172076,-0.123026,0.829504
3.844,0.07115,-0.176891,0.867986
3.848,-0.134747,0.026628,0.784193
3.852,-0.02231,-0.349516,0.837617
3.856,0.259743,-0.19195,0.765856
3.86,0.183546,-0.123391,0.75401
3.864,0.035998,-0.063098,0.845267
3.868,0.074421,-0.090302,0.881485
3.872,-0.029356,-0.000405,0.982239
3.876,0.176778,-0.213434,0.965498
3.88,-0.032669,0.061667,0.826587
3.884,-0.130608,0.042167,0.800351
3.888,0.407102,-0.314922,0.934392
3.892,-0.100677,-0.144365,0.884482
3.896,0.03949,-0.035779,0.932308
3.9,0.038853,-0.037463,0.82449
3.904,-0.06832,0.000136,0.94178
3.908,0.004869,0.081819,0.860027
3.912,-0.024089,0.059025,0.77843
3.916,0.13284,0.025652,0.811652
3.92,-0.009147,0.023609,0.780461
3.924,0.08451,-0.044207,0.866621
3.928,0.064039,0.014192,0.780348
3.932,0.103431,-0.05467,0.837956
3.936,0.148288,-0.039061,0.795088
3.94,0.077693,-0.11823,0.886589
3.944,0.041799,-0.065224,0.954072
3.948,0.145812,-0.034454,0.846549
3.952,0.067547,-0.025445,0.86134
3.956,0.044914,-0.038054,0.900131
3.96,0.029794,-0.017888,0.89339
3.964,0.043112,-0.045867,0.893795
3.968,-0.00751,-0.081018,0.884695
3.972,0.000726,-0.079337,0.908921
3.976,-0.029078,-0.026662,0.921064
3.98,0.042257,-0.045865,0.889941
3.984,-0.040848,-0.006235,0.810956
3.988,-0.031676,-0.012387,0.899507
3.992,-0.00693,-0.037242,0.952072
3.996,-0.032666,-0.073059,0.870587
4.0,-0.36774,0.293857,0.760486
4.0040000000000004,0.232393,-0.150272,0.86311
4.008,-0.015764,-0.035268,0.827136
4.0120000000000005,0.372183,-0.033481,0.76657
4.016,0.022754,0.05869,0.756965
4.0200000000000005,0.043853,0.039713,0.788117
4.024,0.05976,0.038202,0.836051
4.0280000000000005,-0.018918,0.051374,0.864965
4.032,0.077313,-0.207254,0.867766
4.0360000000000005,-0.09116,0.100648,0.779451
4.04,0.102426,-0.021825,0.839444
4.0440000000000005,0.095171,-0.191729,0.858974
4.048,-0.005816,-0.039456,0.799397
4.0520000000000005,0.080286,-0.029797,0.914352
4.056,-0.084437,0.039667,0.813862
4.0600000000000005,0.27703,-0.09022,0.983387
4.064,-0.075199,-0.135656,0.815956
4.0680000000000005,-0.023203,0.025684,0.856538
4.072,-0.003202,0.049674,0.865839
4.0760000000000005,0.046916,-0.070225,0.839285
4.08,0.002383,-0.047756,0.769633
4.0840000000000005,0.043237,-0.144441,0.913103
4.088,0.010917,-0.06664,0.896008
4.0920000000000005,0.091969,-0.019066,0.854705
4.096,0.080363,0.005848,0.866091
4.1,-0.116566,0.065573,0.748451
4.104,-0.01199,0.09267,0.815042
4.108,0.004003,0.054701,0.843462
4.112,-0.058154,0.105902,0.833694
4.116,0.009676,0.061182,0.814334
4.12,-0.034062,0.06048,0.766395
4.124,0.018996,-0.04268,0.792765
4.128,-0.001725,0.018448,0.838275
4.132,0.027663,0.010685,0.795189
4.136,0.115412,-0.0605,0.835864
4.14,0.075236,-0.084214,0.840724
4.144,0.095022,-0.063876,0.852678
4.148,0.128941,-0.120138,0.823895
4.152,0.089546,-0.021517,0.847681
4.156,0.065421,-0.0529,0.802056
4.16,0.022539,-0.06129,0.902508
4.164,-0.000694,-0.021215,0.928648
4.168,-0.025822,-0.013106,0.830251
4.172,0.029105,0.013046,0.884933
4.176,-0.00877,0.038452,0.807914
4.18,0.040956,0.05903,0.814629
4.184,-0.04934,0.01631,0.771272
4.188,-0.153404,0.067006,0.780677
4.192,0.052696,0.159463,0.746679
4.196,-0.040677,0.173965,0.758629
4.2,-0.097947,0.052784,0.789946
4.204,-0.03486,0.011841,0.77325
4.208,0.000913,0.02855,0.813947
4.212,0.01243,-0.027691,0.818762
4.216,0.103071,0.008585,0.873587
4.22,-0.013893,0.046981,0.818546
4.224,0.069056,-0.020712,0.768264
4.228,7e-06,-0.019146,0.813902
4.232,0.000775,0.009771,0.775671
4.236,0.095318,-0.078045,0.895341
4.24,0.090138,-0.054281,0.777934
4.244,0.073429,-0.202966,0.813994
4.248,0.08922,-0.289297,1.048742
4.252,0.079223,-0.243092,0.852491
4.256,-0.050207,0.071371,0.775843
4.26,0.014482,-0.03626,0.835729
4.264,-0.094659,-0.286032,0.948642
4.268,-0.292994,-0.213174,0.678741
4.272,-0.004775,-0.163003,0.992464
4.276,-0.772822,0.041259,0.696686
4.28,0.053903,0.635834,0.805983
4.284,0.045298,0.13064,0.788833
4.288,0.047687,-0.081264,0.841247
4.292,-5.318255,2.930167,-0.240673
4.296,1.436003,-2.302269,7.571218
4.3,-10.882353,4.352952,3.834168
4.304,-5.800178,4.381127,4.623628
4.308,3.089752,-1.168957,5.180199
4.312,-2.625832,-5.276649,-0.977893
4.316,-18.180696,8.453571,4.837978
4.32,-0.836285,-2.357314,2.588589
4.324,-3.965799,5.052437,6.311123
4.328,-17.863235,4.729975,9.142933
4.332,-17.701208,1.089225,10.000422
4.336,-8.466874,-2.747595,10.012934
4.34,17.367252,-14.849895,3.902833
4.344,21.137136,-8.582503,-20.236914
4.348,-1.005594,12.117018,-17.839607
4.352,-17.927824,10.64042,9.961143
4.356,4.576841,-13.48131,9.951403
4.36,20.980831,-6.923711,-18.435934
4.364,-16.699732,14.268038,-5.365679
4.368,6.78232,-16.774288,9.941698
4.372,-1.026572,13.563725,-25.926764
4.376,-17.339005,3.533008,9.936649
4.38,1.789075,9.087457,-19.670906
4.384,-13.942674,3.11034,9.948829
4.388,-10.987104,12.873309,-17.733316
4.392,17.805813,-16.887678,9.951822
4.396,-15.19256,16.79402,-9.011779
4.4,21.132673,-20.148108,-7.156227
4.404,-16.302633,11.810851,9.962753
4.408,-15.41234,13.851565,-14.083247
4.412,21.193043,-20.37846,1.071686
4.416,-17.390034,12.958148,9.991845
4.42,-14.597947,12.505104,-14.288114
4.424,21.259943,-20.613213,2.153196
4.428,-15.846619,10.589311,10.02449
4.432,-15.926389,12.896502,-12.477667
4.436,21.326662,-20.73823,-2.903676
4.44,-9.337116,7.131128,10.041653
4.444,-16.550657,16.92201,-12.472754
4.448,21.325066,-20.793276,-6.57374
4.452,-3.878913,0.190229,10.034036
4.456,-16.22864,14.467484,-7.568847
4.46,16.680826,-19.615004,-9.130136
4.464,6.25434,-6.985266,9.999787
4.468,-16.781258,14.260442,-0.131342
4.472,2.395326,-7.421064,-10.991116
4.476,16.761627,-13.180858,9.959214
4.48,-16.279011,14.390038,2.777556
4.484,-5.899468,-1.25753,-11.489241
4.488,21.341301,-20.405695,10.049031
4.492,-15.959987,14.050277,7.527442
4.496,-12.026097,8.623293,-14.395871
4.5,21.411963,-21.18141,6.509865
4.5040000000000004,-15.05652,11.475476,10.132318
4.508,-13.983647,7.328211,-12.356056
4.5120000000000005,21.499434,-21.349022,3.049517
4.516,-13.84405,10.658122,10.177832
4.5200000000000005,-16.693537,10.705327,-13.403633
4.524,21.556244,-21.480257,0.187925
4.5280000000000005,-13.153505,7.597368,10.210868
4.532,-16.75136,10.876393,-12.998711
4.5360000000000005,21.606287,-21.552502,-1.777377
4.54,-13.768171,9.174293,10.239241
4.5440000000000005,-17.414139,13.248835,-12.507523
4.548,21.643232,-21.645077,-0.518957
4.5520000000000005,-10.87477,7.34233,10.260713
4.556,-16.577877,15.180388,-13.714478
4.5600000000000005,21.644226,-21.682011,-3.727207
4.564,-11.051184,6.405654,10.267934
4.5680000000000005,-17.403585,15.007776,-12.082669
4.572,21.65016,-21.702122,-3.898709
4.5760000000000005,-9.520123,3.271484,10.266809
4.58,-17.005819,13.737588,-11.812991
4.5840000000000005,21.64463,-21.652685,-7.069785
4.588,-7.761519,3.344337,10.252868
4.5920000000000005,-15.989028,17.311165,-12.326028
4.596,21.60318,-21.624428,-6.749406
4.6000000000000005,-3.7387,-0.328641,10.223513
4.604,-17.33676,14.099816,-9.11608
4.6080000000000005,21.556238,-21.529675,-7.33693
4.612,-2.453243,-2.367947,10.189798
4.616,-14.897283,17.507957,-8.665216
4.62,21.477234,-20.61022,-8.522836
4.624,-0.345755,-3.898312,10.14153
4.628,-17.181871,14.035265,-6.942844
4.632,20.108032,-21.252552,-8.37177
4.636,-1.227979,-3.812609,10.108241
4.64,-16.447151,15.775488,-5.997056
4.644,19.96022,-20.737217,-8.119061
4.648,0.214598,-3.720264,10.073078
4.652,-16.26181,15.054476,-7.61892
4.656,21.267191,-18.10183,-9.683568
4.66,-0.386053,-2.648563,10.041278
4.664,-15.575685,17.676966,-8.860928
4.668,21.155094,-18.803194,-7.764724
4.672,0.040848,-3.394459,10.016593
4.676,-16.190889,15.375749,-5.257041
4.68,17.024729,-17.985144,-8.583724
4.684,2.861206,-4.632295,9.986425
4.688,-16.440859,17.026176,-4.286517
4.692,10.149255,-12.288667,-11.300155
4.696,8.892986,-9.725381,9.942115
4.7,-16.081821,15.233781,-2.002127
4.704,-0.54469,-5.42948,-12.388259
4.708,17.810698,-14.015467,9.917952
4.712,-15.820386,13.348094,6.219524
4.716,-12.492414,7.904985,-12.700913
4.72,21.085421,-20.462772,5.729632
4.724,-14.056657,9.701039,8.857804
4.728,-17.869299,9.144652,-12.753727
4.732,21.200714,-20.626574,-0.429975
4.736,-4.865892,6.72474,10.002158
4.74,-16.193832,18.212751,-10.249196
4.744,19.120544,-9.95741,-8.40439
4.748,8.830177,-8.721442,9.955858
4.752,-16.4811,9.387832,-1.967383
4.756,-11.248588,-0.954022,-13.900975
4.76,21.228258,-19.949894,8.327024
4.764,-10.787199,14.187914,9.960773
4.768,-16.582863,14.720196,-9.11229
4.772,21.228205,-17.266695,-4.419207
4.776,-0.669568,1.150182,9.952472
4.78,-17.873461,12.721661,-10.142329
4.784,2.986814,-12.119771,-12.244299
4.788,17.369532,-19.433039,9.939764
4.792,-13.891947,14.040527,9.819121
4.796,-13.939308,11.394201,-9.999179
4.8,21.229858,-17.698822,1.092184
4.804,-8.992135,8.629302,9.968051
4.808,-17.817167,16.468554,-15.853762
4.812,21.252495,-19.863098,-10.226948
4.816,3.030166,-9.881237,9.948679
4.82,-16.716604,13.051261,1.254326
4.824,0.014629,-5.848477,-6.241417
4.828,21.164917,-11.323016,9.938462
4.832,-14.353599,14.360574,7.747187
4.836,-16.018753,13.756912,-16.143309
4.84,21.228647,-20.188917,-2.688469
4.844,-10.430763,1.075149,9.970651
4.848,-17.791403,13.73006,-12.952832
4.852,21.277281,-20.255804,-3.145491
4.856,3.237758,2.510428,9.964636
4.86,-15.532647,14.777833,-2.197988
4.864,5.302476,2.164061,-12.596228
4.868,16.288095,-13.689736,9.984576
4.872,-16.813744,9.73806,0.46611
4.876,-13.577225,-0.199511,-13.747059
4.88,21.247751,-21.216652,7.68374
4.884,-10.64027,13.014716,10.105925
4.888,-16.6147,15.66508,-11.928094
4.892,21.237471,-19.428305,-2.791836
4.896,-7.296879,5.102164,10.115244
4.9,-17.820694,14.614628,-14.619637
4.904,20.626892,-21.29521,-10.072037
4.908,3.23177,-9.683301,10.074172
4.912,-16.912987,12.633161,-1.758878
4.916,4.046822,-9.398128,-7.299421
4.92,18.43318,-8.395934,10.029468
4.924,-15.14498,14.125096,4.610627
4.928,-9.926319,6.951386,-14.832111
4.932,21.164124,-21.380941,5.56479
4.936,-14.919992,5.987946,9.338011
4.94,-17.803782,9.615813,-16.002203
4.944,21.267448,-21.517469,0.49745
4.948,-6.814434,9.669065,10.161669
4.952,-17.397837,17.116848,-11.80202
4.956,21.203524,-15.129164,-6.605975
4.96,-1.147309,-1.67716,10.13334
4.964,-17.368265,11.926933,-9.170127
4.968,11.28036,-18.279509,-10.599339
4.972,7.762968,-12.654955,10.073626
4.976,-16.794708,11.871568,1.662631
4.98,-0.286036,-6.83954,-10.366415
4.984,19.743252,-10.078344,10.0172
4.988,-17.252142,12.284858,5.128356
4.992,-7.785253,4.678308,-14.259552
4.996,21.205185,-21.178753,8.101797
5.0,-16.431158,7.588988,5.193654
5.0040000000000004,-16.684443,4.998874,-15.296478
5.008,21.354027,-21.461002,6.764738
5.0120000000000005,-12.526237,13.322748,10.173225
5.016,-16.469933,13.726474,-12.253143
5.0200000000000005,21.364622,-21.551186,-0.140417
5.024,-12.412694,8.817916,10.197829
5.0280000000000005,-17.683331,16.615191,-17.322136
5.032,21.377264,-21.670799,-4.506654
5.0360000000000005,-10.434722,0.79372,10.199339
5.04,-17.582972,10.082071,-11.732734
5.0440000000000005,21.416582,-21.648941,-3.323226
5.048,-3.695042,6.071974,10.205514
5.0520000000000005,-16.32489,16.589128,-12.403378
5.056,21.336491,-18.737204,-6.60942
5.0600000000000005,-2.16949,0.481787,10.176962
5.064,-16.712519,12.197024,-13.047521
5.0680000000000005,21.222694,-21.545631,-10.542848
5.072,-1.111717,-6.293483,10.130733
5.0760000000000005,-16.947269,13.315809,-10.070307
5.08,21.23332,-21.419733,-4.758165
5.0840000000000005,-6.803002,8.354966,10.131124
5.088,-17.442541,15.750085,-14.231761
5.0920000000000005,21.200333,-21.533115,-1.551388
5.096,-16.942209,12.58036,10.161345
5.1000000000000005,-15.296576,10.328671,-15.344386
5.104,21.283785,-21.757462,9.061021
5.1080000000000005,-17.836002,10.28183,5.370658
5.112,-7.963326,-3.466457,-13.200171
5.1160000000000005,20.435371,-21.111519,10.096957
5.12,-16.789524,13.937112,0.852352
5.124,5.55204,-9.891181,-9.464314
5.128,9.184678,-3.406502,10.048912
5.132,-16.147587,16.207434,-9.237161
5.136,21.272535,-18.902414,-8.291883
5.14,-10.915323,5.79602,10.047863
5.144,-17.772491,16.526739,-16.232071
5.148,21.290087,-21.006271,-0.34116
5.152,-17.550446,10.486512,10.082166
5.156,-13.539982,5.232368,-15.014161
5.16,20.042776,-21.298586,10.12089
5.164,-16.236576,12.453115,-7.703821
5.168,21.373068,-21.227531,-4.79659
5.172,-17.782091,17.888056,10.139916
5.176,5.854424,-5.467361,-13.942584
5.18,-17.833872,11.540312,10.06458
5.184,-5.60153,7.032205,-17.235905
5.188,-17.65906,9.618772,10.174379
5.192,-0.842888,6.102977,-16.938597
5.196,-17.556879,11.73665,10.293073
5.2,19.183212,-14.054751,-11.68189
5.204,-17.680927,15.830267,8.207455
5.208,21.36108,-21.387791,3.147596
5.212,-13.713094,11.388036,-15.107756
5.216,12.108472,-21.549114,10.164161
5.22,0.256514,7.466537,-24.514837
5.224,-17.751535,3.519805,10.283226
5.228,21.255133,-14.982895,-10.958746
5.232,-17.876488,16.35157,9.747549
5.236,21.174362,-21.441916,-5.317013
5.24,-17.957148,17.671623,6.279845
5.244,20.172607,-18.810955,-9.75399
5.248,-18.049019,14.467817,10.093051
5.252,-4.994593,1.47319,-14.094064
5.256,-1.679767,-4.442129,10.19525
5.26,-12.369142,12.811758,-17.677797
5.264,21.28196,-21.907507,10.225822
5.268,-15.395806,10.866734,-9.246307
5.272,21.261126,-21.884447,-0.615499
5.276,-17.865139,17.226818,3.659233
5.28,21.187237,-21.68804,-8.284554
5.284,-17.964132,16.160524,10.198131
5.288,6.657199,-7.030643,-14.519333
5.292,-18.017672,12.483349,10.104265
5.296,-4.293775,7.070397,-18.939779
5.3,-7.818197,1.638487,10.203522
5.304,-10.350616,12.133948,-19.677549
5.308,9.528811,-13.693489,10.251067
5.312,-14.89833,16.977795,-16.823277
5.316,21.2465,-22.089418,6.80795
5.32,-17.865744,14.210066,0.375491
5.324,14.314528,-18.696173,-12.335719
5.328,-7.475121,3.739827,10.216342
5.332,-16.346426,15.986421,-15.72743
5.336,21.218649,-21.930214,-0.518279
5.34,-17.211147,12.719898,10.260103
5.344,-15.823161,9.566656,-13.897593
5.348,21.317549,-22.146465,8.924311
5.352,-17.519709,12.79928,8.334442
5.356,-12.406425,3.770147,-13.315849
5.36,21.433189,-20.881063,10.383585
5.364,-16.128464,13.513395,5.612421
5.368,-8.16904,1.509561,-13.449705
5.372,21.519939,-18.834217,10.491684
5.376,-15.654042,12.904148,4.296237
5.38,-5.992168,-2.223662,-11.52206
5.384,20.042664,-17.341431,10.640468
5.388,-15.430308,12.600137,2.754997
5.392,-1.849475,-2.953121,-12.440846
5.396,18.465427,-15.12579,10.424142
5.4,-15.613063,13.344969,1.495567
5.404,0.036574,-5.686803,-11.060122
5.408,15.727786,-11.986688,10.310648
5.412,-14.706198,14.741843,-0.679892
5.416,3.456236,-8.366969,-12.132663
5.42,13.517101,-11.435133,10.206643
5.424,-14.540897,13.850781,-0.796315
5.428,4.840103,-11.263505,-11.128992
5.432,12.327137,-10.012732,10.127123
5.436,-15.663085,14.687175,-2.496434
5.44,4.767157,-9.4496,-11.931688
5.444,12.694818,-11.793845,10.058074
5.448,-15.67493,15.277483,-2.031063
5.452,1.32571,-6.935423,-12.814502
5.456,15.949924,-12.417253,10.006016
5.46,-16.027573,13.640026,0.765596
5.464,-0.578575,-5.514597,-11.951469
5.468,16.555658,-12.180158,9.978739
5.472,-16.731869,12.253475,2.875318
5.476,-1.349649,-6.814212,-11.789237
5.48,18.052799,-12.397293,9.9649
5.484,-16.086666,13.154187,0.951325
5.488,-2.171564,-2.865805,-13.737988
5.492,16.42403,-11.665437,9.978388
5.496,-14.662837,16.987936,-0.898436
5.5,2.358957,-6.233854,-11.420647
5.5040000000000004,12.7707,-8.750537,9.972123
5.508,-16.092697,13.874583,-1.507583
5.5120000000000005,7.082923,-13.04254,-11.027986
5.516,7.681612,-5.284362,9.969347
5.5200000000000005,-15.186123,17.477743,-6.164766
5.524,14.775222,-11.997197,-11.901421
5.5280000000000005,1.331764,1.553962,9.95491
5.532,-16.567118,19.549318,-9.573962
5.5360000000000005,21.129358,-19.001852,-8.006433
5.54,-5.507256,4.916427,9.942775
5.5440000000000005,-16.576612,17.910511,-11.998972
5.548,21.098024,-19.14196,-6.304369
5.5520000000000005,-10.048321,7.42884,9.936416
5.556,-17.527561,15.741444,-13.40742
5.5600000000000005,21.126368,-19.312656,-5.025586
5.564,-13.986279,12.471912,9.938468
5.5680000000000005,-17.083075,15.610191,-14.373791
5.572,21.163445,-19.545338,-1.84854
5.5760000000000005,-15.499969,14.866338,9.944239
5.58,-16.930113,12.277744,-13.141475
5.5840000000000005,21.235796,-19.855228,6.064616
5.588,-16.01141,12.883865,9.964072
5.5920000000000005,-14.895761,10.006474,-14.83804
5.596,21.329952,-20.156027,8.229198
5.6000000000000005,-16.437216,16.012373,7.227011
5.604,-9.53904,3.028835,-12.744081
5.6080000000000005,21.449467,-18.186584,10.026633
5.612,-15.845634,12.485875,3.950609
5.6160000000000005,-4.199516,-4.19418,-13.012466
5.62,16.139742,-13.226811,10.013779
5.6240000000000006,-14.798966,16.7328,-0.895057
5.628,7.142796,-9.044871,-11.551072
5.632,7.163068,-5.24166,9.982533
5.636,-15.629039,15.804921,-6.953893
5.64,19.021559,-19.819225,-8.567111
5.644,-1.813189,1.766699,9.973911
5.648,-16.313293,18.511097,-12.246034
5.652,21.33737,-19.893356,-6.342219
5.656,-10.030636,6.168655,9.976179
5.66,-17.695175,14.605939,-13.186618
5.664,21.362118,-20.041374,-3.123127
5.668,-15.630387,13.662991,9.995304
5.672,-17.539293,16.821714,-16.234221
5.676,21.398819,-20.315155,4.829359
5.68,-17.085739,13.405568,8.685059
5.684,-13.254745,3.39465,-12.062042
5.688,21.540852,-20.636143,10.053233
5.692,-16.778505,10.800012,3.208451
5.696,0.388337,-10.157037,-11.357913
5.7,11.220371,-10.681965,10.022809
5.704,-17.26227,14.835551,-5.200433
5.708,16.731163,-20.166643,-9.782849
5.712,-0.763378,0.461106,10.009551
5.716,-15.724846,18.759249,-13.261627
5.72,21.445356,-20.220486,-5.430955
5.724,-10.452927,5.585257,10.013817
5.728,-17.074215,14.500108,-13.268627
5.732,21.461298,-20.332468,-3.937752
5.736,-14.916359,13.546384,10.033496
5.74,-16.144602,14.817582,-16.323555
5.744,21.496,-20.637505,8.960134
5.748,-17.637157,14.310563,5.599524
5.752,-2.415147,-3.217708,-13.3326
5.756,10.103008,-9.001378,10.028092
5.76,-14.682564,14.789892,-9.158834
5.764,21.546211,-20.169195,-5.541271
5.768,-14.695032,9.682777,10.037705
5.772,-15.123379,10.16373,-14.824441
5.776,21.609344,-20.471207,8.849437
5.78,-17.529482,15.905361,5.122129
5.784,1.308416,-5.275939,-12.457524
5.788,6.528561,-4.351376,10.026979
5.792,-14.687088,13.948486,-12.440188
5.796,21.547388,-20.182959,-4.903162
5.8,-17.611662,15.630359,10.042473
5.804,-10.067046,4.092686,-14.744284
5.808,5.518586,-8.280309,10.091516
5.812,-13.13758,13.895005,-16.65089
5.816,21.65044,-20.854282,10.101653
5.82,-12.89038,9.462301,-10.347552
5.824,21.624746,-20.937529,5.567007
5.828,-16.249359,11.34803,-8.246069
5.832,21.604965,-21.029057,9.910968
5.836,-12.596611,9.787246,-15.546896
5.84,21.571966,-21.226341,10.140833
5.844,-6.878391,12.038829,-23.0259
5.848,-0.990938,-10.362632,10.203485
5.852,-1.635806,8.833295,-23.310503
5.856,-10.522533,-1.332819,10.303041
5.86,-8.461667,13.060491,-20.35006
5.864,11.947989,-13.48864,10.343705
5.868,-13.206045,11.023211,-14.894776
5.872,21.558157,-22.180229,3.730725
5.876,-17.582819,16.359045,5.376153
5.88,-0.343819,-3.644573,-13.555027
5.884,5.881243,-6.195871,10.233935
5.888,-15.610126,12.874561,-9.819592
5.892,21.581161,-21.561426,-6.424754
5.896,-12.612676,7.710678,10.232755
5.9,-16.697845,14.659184,-14.234188
5.904,21.589161,-21.662642,-0.11471
5.908,-15.793213,9.511127,10.260215
5.912,-16.099365,8.391144,-14.559288
5.916,21.661837,-21.841433,6.374599
5.92,-17.367947,14.863688,8.064301
5.924,-10.164347,3.852938,-13.91277
5.928,21.731319,-18.553675,10.373287
5.932,-16.565758,11.091028,1.960337
5.936,0.290994,-7.564955,-12.690094
5.94,10.965063,-9.882243,10.266528
5.944,-15.029202,15.465411,-5.224342
5.948,16.117756,-18.649046,-9.9426
5.952,-0.718726,-2.647838,10.21419
5.956,-15.578286,15.787042,-10.505627
5.96,21.614727,-21.444994,-7.149904
5.964,-7.306491,3.224785,10.202395
5.968,-16.408903,15.87277,-13.410597
5.972,21.584171,-21.476952,-4.417364
5.976,-11.089769,7.859899,10.213428
5.98,-17.479179,17.419872,-16.090576
5.984,21.572016,-21.579962,-1.211252
5.988,-14.031514,8.952465,10.23487
5.992,-17.457554,13.082445,-15.301866
5.996,21.596941,-21.689251,0.18734
6.0,-14.248436,12.490798,10.268967
6.0040000000000004,-16.856264,10.873923,-15.015241
6.008,21.635065,-21.876408,5.823919
6.0120000000000005,-16.191679,11.243441,10.32169
6.016,-15.295187,6.423037,-13.287484
6.0200000000000005,21.724562,-22.04768,7.910668
6.024,-15.91407,14.250755,7.470458
